{"version": 1, "notes": "", "documentation": "\"This file is a QMK Configurator export. You can import this at <https://config.qmk.fm>. It can also be used directly with QMK's source code.\n\nTo setup your QMK environment check out the tutorial: <https://docs.qmk.fm/#/newbs>\n\nYou can convert this file to a keymap.c using this command: `qmk json2c {keymap}`\n\nYou can compile this keymap using this command: `qmk compile {keymap}`\"\n", "keyboard": "preonic/rev3", "keymap": "dcc_v102", "layout": "LAYOUT_preonic_1x2uC", "layers": [["KC_GRV", "KC_1", "KC_2", "KC_3", "KC_4", "KC_5", "KC_6", "KC_7", "KC_8", "KC_9", "KC_0", "KC_BSPC", "KC_TAB", "KC_Q", "KC_W", "KC_F", "KC_P", "KC_G", "KC_J", "KC_L", "KC_U", "KC_Y", "KC_SCLN", "KC_DEL", "KC_ESC", "KC_A", "KC_R", "KC_S", "KC_T", "KC_D", "KC_H", "KC_N", "KC_E", "KC_I", "KC_O", "KC_QUOT", "KC_LSFT", "KC_Z", "KC_X", "KC_C", "KC_V", "KC_B", "KC_K", "KC_M", "KC_COMM", "KC_DOT", "KC_SLSH", "KC_SFTENT", "KC_LCTL", "TG(5)", "KC_LALT", "KC_LGUI", "MO(1)", "KC_SPC", "MO(2)", "KC_RALT", "KC_RGUI", "KC_PGDN", "KC_PGUP"], ["KC_F1", "KC_F2", "KC_F3", "KC_F4", "KC_F5", "KC_F6", "KC_F7", "KC_F8", "KC_F9", "KC_F10", "KC_F11", "KC_F12", "KC_TRNS", "KC_TRNS", "KC_TRNS", "KC_TRNS", "KC_TRNS", "KC_TRNS", "KC_AMPR", "KC_MINS", "KC_LPRN", "KC_RPRN", "KC_EQL", "KC_TRNS", "KC_TRNS", "KC_TRNS", "KC_TRNS", "KC_TRNS", "KC_TRNS", "KC_TRNS", "KC_PERC", "KC_ASTR", "KC_LBRC", "KC_RBRC", "KC_SCLN", "KC_TRNS", "KC_TRNS", "KC_TRNS", "KC_TRNS", "KC_TRNS", "KC_TRNS", "KC_TRNS", "KC_TILD", "KC_EXLM", "KC_LT", "KC_GT", "KC_BSLS", "KC_TRNS", "KC_TRNS", "KC_TRNS", "KC_TRNS", "KC_TRNS", "KC_TRNS", "KC_TRNS", "MO(3)", "KC_TRNS", "KC_TRNS", "KC_TRNS", "KC_TRNS"], ["KC_F1", "KC_F2", "KC_F3", "KC_F4", "KC_F5", "KC_F6", "KC_F7", "KC_F8", "KC_F9", "KC_F10", "KC_F11", "KC_F12", "KC_TRNS", "KC_VOLD", "KC_VOLU", "KC_MUTE", "KC_TRNS", "KC_TRNS", "KC_TRNS", "KC_HOME", "KC_UP", "KC_END", "KC_TRNS", "KC_TRNS", "KC_TRNS", "KC_MPRV", "KC_MNXT", "KC_MSTP", "KC_MPLY", "KC_TRNS", "KC_TRNS", "KC_LEFT", "KC_DOWN", "KC_RGHT", "KC_TRNS", "KC_TRNS", "KC_TRNS", "KC_BRIU", "KC_BRID", "KC_TRNS", "KC_TRNS", "KC_TRNS", "KC_TRNS", "KC_TRNS", "KC_TRNS", "KC_TRNS", "KC_TRNS", "KC_TRNS", "KC_TRNS", "KC_TRNS", "KC_TRNS", "KC_TRNS", "MO(3)", "KC_TRNS", "KC_TRNS", "KC_TRNS", "KC_TRNS", "KC_TRNS", "KC_TRNS"], ["KC_NO", "BL_TOGG", "BL_STEP", "BL_BRTG", "BL_ON", "BL_OFF", "BL_INC", "BL_DEC", "KC_NO", "KC_NO", "KC_NO", "KC_SLEP", "KC_NO", "RESET", "DEBUG", "KC_NO", "KC_NO", "KC_NO", "KC_NO", "KC_NO", "RGB_TOG", "KC_NO", "KC_NO", "KC_NO", "KC_NO", "KC_NO", "KC_NO", "KC_NO", "KC_NO", "AG_NORM", "AG_SWAP", "RGB_VAI", "RGB_HUI", "RGB_MOD", "RGB_SAI", "RGB_SPI", "KC_NO", "KC_ACL0", "KC_ACL1", "KC_ACL2", "KC_NO", "RAG_NRM", "RAG_SWP", "RGB_VAD", "RGB_HUD", "RGB_RMOD", "RGB_SAD", "RGB_SPD", "KC_NO", "KC_NO", "KC_NO", "KC_NO", "KC_TRNS", "KC_NO", "KC_TRNS", "KC_NO", "KC_NO", "KC_NO", "KC_NO"], ["KC_TRNS", "KC_TRNS", "KC_TRNS", "KC_TRNS", "KC_TRNS", "KC_TRNS", "KC_TRNS", "KC_TRNS", "KC_TRNS", "KC_TRNS", "KC_TRNS", "KC_TRNS", "KC_TRNS", "KC_TRNS", "KC_TRNS", "KC_TRNS", "KC_TRNS", "KC_TRNS", "KC_TRNS", "KC_TRNS", "KC_TRNS", "KC_TRNS", "KC_TRNS", "KC_TRNS", "KC_TRNS", "KC_TRNS", "KC_TRNS", "KC_TRNS", "KC_TRNS", "KC_TRNS", "KC_TRNS", "KC_TRNS", "KC_TRNS", "KC_TRNS", "KC_TRNS", "KC_TRNS", "KC_TRNS", "KC_TRNS", "KC_TRNS", "KC_TRNS", "KC_TRNS", "KC_TRNS", "KC_TRNS", "KC_TRNS", "KC_TRNS", "KC_TRNS", "KC_TRNS", "KC_TRNS", "KC_TRNS", "KC_TRNS", "KC_TRNS", "KC_TRNS", "KC_TRNS", "KC_TRNS", "KC_TRNS", "KC_TRNS", "KC_TRNS", "KC_TRNS", "KC_TRNS"], ["KC_NO", "KC_NO", "KC_NO", "KC_NO", "KC_NO", "KC_NO", "KC_PSLS", "KC_PAST", "KC_PMNS", "KC_NO", "KC_NO", "KC_NO", "KC_NO", "KC_NO", "KC_NO", "KC_NO", "KC_NO", "KC_P7", "KC_P8", "KC_P9", "KC_PPLS", "KC_NO", "KC_NO", "KC_NO", "KC_NO", "KC_NO", "KC_NO", "KC_NO", "KC_NO", "KC_P4", "KC_P5", "KC_P6", "KC_PCMM", "KC_NO", "KC_NO", "KC_NO", "KC_NO", "KC_NO", "KC_NO", "KC_NO", "KC_NO", "KC_P1", "KC_P2", "KC_P3", "KC_PEQL", "KC_NO", "KC_NO", "KC_NO", "KC_NO", "KC_TRNS", "KC_NO", "KC_NO", "KC_NO", "KC_P0", "KC_PDOT", "KC_PENT", "KC_NO", "KC_NO", "KC_NO"]], "author": ""}
